,date,symbol
0,2008-12-02,AA
1,2008-12-02,AAPL
2,2008-12-02,ABT
3,2008-12-02,AEP
4,2008-12-02,AES
5,2008-12-02,AIG
6,2008-12-02,ALL
7,2008-12-02,AMGN
8,2008-12-02,AVP
9,2008-12-02,AXP
10,2008-12-02,BA
11,2008-12-02,BAC
12,2008-12-02,BAX
13,2008-12-02,BHI
14,2008-12-02,BK
15,2008-12-02,BMY
16,2008-12-02,BNI
17,2008-12-02,C
18,2008-12-02,CAT
19,2008-12-02,CBS
20,2008-12-02,CI
21,2008-12-02,CL
22,2008-12-02,CMCS_A
23,2008-12-02,COF
24,2008-12-02,COP
25,2008-12-02,COV
26,2008-12-02,CPB
27,2008-12-02,CSCO
28,2008-12-02,CVS
29,2008-12-02,CVX
30,2008-12-02,DD
31,2008-12-02,DELL
32,2008-12-02,DIS
33,2008-12-02,DOW
34,2008-12-02,EMC
35,2008-12-02,EP
36,2008-12-02,ETR
37,2008-12-02,EXC
38,2008-12-02,F
39,2008-12-02,FDX
40,2008-12-02,GD
41,2008-12-02,GE
42,2008-12-02,GOOG
43,2008-12-02,GS
44,2008-12-02,HAL
45,2008-12-02,HD
46,2008-12-02,HIG
47,2008-12-02,HNZ
48,2008-12-02,HON
49,2008-12-02,HPQ
50,2008-12-02,IBM
51,2008-12-02,INTC
52,2008-12-02,IP
53,2008-12-02,JNJ
54,2008-12-02,JPM
55,2008-12-02,KFT
56,2008-12-02,KO
57,2008-12-02,MA
58,2008-12-02,MCD
59,2008-12-02,MDT
60,2008-12-02,MER
61,2008-12-02,MMM
62,2008-12-02,MO
63,2008-12-02,MRK
64,2008-12-02,MS
65,2008-12-02,MSFT
66,2008-12-02,NOV
67,2008-12-02,NSC
68,2008-12-02,NYX
69,2008-12-02,ORCL
70,2008-12-02,OXY
71,2008-12-02,PEP
72,2008-12-02,PFE
73,2008-12-02,PG
74,2008-12-02,PM
75,2008-12-02,QCOM
76,2008-12-02,RF
77,2008-12-02,RTN
78,2008-12-02,S
79,2008-12-02,SLB
80,2008-12-02,SLE
81,2008-12-02,SO
82,2008-12-02,T
83,2008-12-02,TGT
84,2008-12-02,TWX
85,2008-12-02,TXN
86,2008-12-02,TYC
87,2008-12-02,UNH
88,2008-12-02,UPS
89,2008-12-02,USB
90,2008-12-02,UTX
91,2008-12-02,VZ
92,2008-12-02,WB
93,2008-12-02,WFC
94,2008-12-02,WMB
95,2008-12-02,WMT
96,2008-12-02,WY
97,2008-12-02,WYE
98,2008-12-02,XOM
99,2008-12-02,XRX
100,2008-12-24,AA
101,2008-12-24,AAPL
102,2008-12-24,ABT
103,2008-12-24,AEP
104,2008-12-24,AES
105,2008-12-24,AIG
106,2008-12-24,ALL
107,2008-12-24,AMGN
108,2008-12-24,AMZN
109,2008-12-24,AVP
110,2008-12-24,AXP
111,2008-12-24,BA
112,2008-12-24,BAC
113,2008-12-24,BAX
114,2008-12-24,BHI
115,2008-12-24,BK
116,2008-12-24,BMY
117,2008-12-24,BNI
118,2008-12-24,C
119,2008-12-24,CAT
120,2008-12-24,CBS
121,2008-12-24,CI
122,2008-12-24,CL
123,2008-12-24,CMCS_A
124,2008-12-24,COF
125,2008-12-24,COP
126,2008-12-24,COV
127,2008-12-24,CPB
128,2008-12-24,CSCO
129,2008-12-24,CVS
130,2008-12-24,CVX
131,2008-12-24,DD
132,2008-12-24,DELL
133,2008-12-24,DIS
134,2008-12-24,DOW
135,2008-12-24,EMC
136,2008-12-24,EP
137,2008-12-24,ETR
138,2008-12-24,EXC
139,2008-12-24,F
140,2008-12-24,FDX
141,2008-12-24,GD
142,2008-12-24,GE
143,2008-12-24,GOOG
144,2008-12-24,GS
145,2008-12-24,HAL
146,2008-12-24,HD
147,2008-12-24,HIG
148,2008-12-24,HNZ
149,2008-12-24,HON
150,2008-12-24,HPQ
151,2008-12-24,IBM
152,2008-12-24,INTC
153,2008-12-24,IP
154,2008-12-24,JNJ
155,2008-12-24,JPM
156,2008-12-24,KFT
157,2008-12-24,KO
158,2008-12-24,MA
159,2008-12-24,MCD
160,2008-12-24,MDT
161,2008-12-24,MMM
162,2008-12-24,MO
163,2008-12-24,MRK
164,2008-12-24,MS
165,2008-12-24,MSFT
166,2008-12-24,NOV
167,2008-12-24,NSC
168,2008-12-24,NYX
169,2008-12-24,ORCL
170,2008-12-24,OXY
171,2008-12-24,PEP
172,2008-12-24,PFE
173,2008-12-24,PG
174,2008-12-24,PM
175,2008-12-24,QCOM
176,2008-12-24,RF
177,2008-12-24,RTN
178,2008-12-24,S
179,2008-12-24,SLB
180,2008-12-24,SLE
181,2008-12-24,SO
182,2008-12-24,T
183,2008-12-24,TGT
184,2008-12-24,TWX
185,2008-12-24,TXN
186,2008-12-24,TYC
187,2008-12-24,UNH
188,2008-12-24,UPS
189,2008-12-24,USB
190,2008-12-24,UTX
191,2008-12-24,VZ
192,2008-12-24,WB
193,2008-12-24,WFC
194,2008-12-24,WMB
195,2008-12-24,WMT
196,2008-12-24,WY
197,2008-12-24,WYE
198,2008-12-24,XOM
199,2008-12-24,XRX
200,2009-05-18,AA
201,2009-05-18,AAPL
202,2009-05-18,ABT
203,2009-05-18,AEP
204,2009-05-18,ALL
205,2009-05-18,AMGN
206,2009-05-18,AMZN
207,2009-05-18,AVP
208,2009-05-18,AXP
209,2009-05-18,BA
210,2009-05-18,BAC
211,2009-05-18,BAX
212,2009-05-18,BHI
213,2009-05-18,BK
214,2009-05-18,BMY
215,2009-05-18,BNI
216,2009-05-18,C
217,2009-05-18,CAT
218,2009-05-18,CL
219,2009-05-18,CMCS_A
220,2009-05-18,COF
221,2009-05-18,COP
222,2009-05-18,COST
223,2009-05-18,COV
224,2009-05-18,CPB
225,2009-05-18,CSCO
226,2009-05-18,CVS
227,2009-05-18,CVX
228,2009-05-18,DD
229,2009-05-18,DELL
230,2009-05-18,DIS
231,2009-05-18,DOW
232,2009-05-18,DVN
233,2009-05-18,EMC
234,2009-05-18,ETR
235,2009-05-18,EXC
236,2009-05-18,F
237,2009-05-18,FDX
238,2009-05-18,GD
239,2009-05-18,GE
240,2009-05-18,GILD
241,2009-05-18,GOOG
242,2009-05-18,GS
243,2009-05-18,HAL
244,2009-05-18,HD
245,2009-05-18,HNZ
246,2009-05-18,HON
247,2009-05-18,HPQ
248,2009-05-18,IBM
249,2009-05-18,INTC
250,2009-05-18,JNJ
251,2009-05-18,JPM
252,2009-05-18,KFT
253,2009-05-18,KO
254,2009-05-18,LMT
255,2009-05-18,LOW
256,2009-05-18,MA
257,2009-05-18,MCD
258,2009-05-18,MDT
259,2009-05-18,MMM
260,2009-05-18,MO
261,2009-05-18,MON
262,2009-05-18,MRK
263,2009-05-18,MS
264,2009-05-18,MSFT
265,2009-05-18,NKE
266,2009-05-18,NOV
267,2009-05-18,NSC
268,2009-05-18,NYX
269,2009-05-18,ORCL
270,2009-05-18,OXY
271,2009-05-18,PEP
272,2009-05-18,PFE
273,2009-05-18,PG
274,2009-05-18,PM
275,2009-05-18,QCOM
276,2009-05-18,RF
277,2009-05-18,RTN
278,2009-05-18,S
279,2009-05-18,SGP
280,2009-05-18,SLB
281,2009-05-18,SLE
282,2009-05-18,SO
283,2009-05-18,T
284,2009-05-18,TGT
285,2009-05-18,TWX
286,2009-05-18,TXN
287,2009-05-18,UNH
288,2009-05-18,UPS
289,2009-05-18,USB
290,2009-05-18,UTX
291,2009-05-18,VZ
292,2009-05-18,WAG
293,2009-05-18,WFC
294,2009-05-18,WMB
295,2009-05-18,WMT
296,2009-05-18,WY
297,2009-05-18,WYE
298,2009-05-18,XOM
299,2009-05-18,XRX
300,2009-11-30,AA
301,2009-11-30,AAPL
302,2009-11-30,ABT
303,2009-11-30,AEP
304,2009-11-30,ALL
305,2009-11-30,AMGN
306,2009-11-30,AMZN
307,2009-11-30,AVP
308,2009-11-30,AXP
309,2009-11-30,BA
310,2009-11-30,BAC
311,2009-11-30,BAX
312,2009-11-30,BHI
313,2009-11-30,BK
314,2009-11-30,BMY
315,2009-11-30,BNI
316,2009-11-30,C
317,2009-11-30,CAT
318,2009-11-30,CL
319,2009-11-30,CMCS_A
320,2009-11-30,COF
321,2009-11-30,COP
322,2009-11-30,COST
323,2009-11-30,COV
324,2009-11-30,CPB
325,2009-11-30,CSCO
326,2009-11-30,CVS
327,2009-11-30,CVX
328,2009-11-30,DD
329,2009-11-30,DELL
330,2009-11-30,DIS
331,2009-11-30,DOW
332,2009-11-30,DVN
333,2009-11-30,EMC
334,2009-11-30,ETR
335,2009-11-30,EXC
336,2009-11-30,F
337,2009-11-30,FCX
338,2009-11-30,FDX
339,2009-11-30,GD
340,2009-11-30,GE
341,2009-11-30,GILD
342,2009-11-30,GOOG
343,2009-11-30,GS
344,2009-11-30,HAL
345,2009-11-30,HD
346,2009-11-30,HNZ
347,2009-11-30,HON
348,2009-11-30,HPQ
349,2009-11-30,IBM
350,2009-11-30,INTC
351,2009-11-30,JNJ
352,2009-11-30,JPM
353,2009-11-30,KFT
354,2009-11-30,KO
355,2009-11-30,LMT
356,2009-11-30,LOW
357,2009-11-30,MA
358,2009-11-30,MCD
359,2009-11-30,MDT
360,2009-11-30,MET
361,2009-11-30,MMM
362,2009-11-30,MO
363,2009-11-30,MON
364,2009-11-30,MRK
365,2009-11-30,MS
366,2009-11-30,MSFT
367,2009-11-30,NKE
368,2009-11-30,NOV
369,2009-11-30,NSC
370,2009-11-30,NWSA
371,2009-11-30,NYX
372,2009-11-30,ORCL
373,2009-11-30,OXY
374,2009-11-30,PEP
375,2009-11-30,PFE
376,2009-11-30,PG
377,2009-11-30,PM
378,2009-11-30,QCOM
379,2009-11-30,RF
380,2009-11-30,RTN
381,2009-11-30,S
382,2009-11-30,SLB
383,2009-11-30,SLE
384,2009-11-30,SO
385,2009-11-30,T
386,2009-11-30,TGT
387,2009-11-30,TWX
388,2009-11-30,TXN
389,2009-11-30,UNH
390,2009-11-30,UPS
391,2009-11-30,USB
392,2009-11-30,UTX
393,2009-11-30,VZ
394,2009-11-30,WAG
395,2009-11-30,WFC
396,2009-11-30,WMB
397,2009-11-30,WMT
398,2009-11-30,WY
399,2009-11-30,XOM
400,2009-11-30,XRX
401,2010-07-12,AA
402,2010-07-12,AAPL
403,2010-07-12,ABT
404,2010-07-12,AEP
405,2010-07-12,ALL
406,2010-07-12,AMGN
407,2010-07-12,AMZN
408,2010-07-12,AVP
409,2010-07-12,AXP
410,2010-07-12,BA
411,2010-07-12,BAC
412,2010-07-12,BAX
413,2010-07-12,BHI
414,2010-07-12,BK
415,2010-07-12,BMY
416,2010-07-12,BRK_B
417,2010-07-12,CAT
418,2010-07-12,C
419,2010-07-12,CL
420,2010-07-12,CMCS_A
421,2010-07-12,COF
422,2010-07-12,COP
423,2010-07-12,COST
424,2010-07-12,CPB
425,2010-07-12,CSCO
426,2010-07-12,CVS
427,2010-07-12,CVX
428,2010-07-12,DD
429,2010-07-12,DELL
430,2010-07-12,DIS
431,2010-07-12,DOW
432,2010-07-12,DVN
433,2010-07-12,EMC
434,2010-07-12,ETR
435,2010-07-12,EXC
436,2010-07-12,F
437,2010-07-12,FCX
438,2010-07-12,FDX
439,2010-07-12,GD
440,2010-07-12,GE
441,2010-07-12,GILD
442,2010-07-12,GOOG
443,2010-07-12,GS
444,2010-07-12,HAL
445,2010-07-12,HD
446,2010-07-12,HNZ
447,2010-07-12,HON
448,2010-07-12,HPQ
449,2010-07-12,IBM
450,2010-07-12,INTC
451,2010-07-12,JNJ
452,2010-07-12,JPM
453,2010-07-12,KFT
454,2010-07-12,KO
455,2010-07-12,LMT
456,2010-07-12,LOW
457,2010-07-12,MA
458,2010-07-12,MCD
459,2010-07-12,MDT
460,2010-07-12,MET
461,2010-07-12,MMM
462,2010-07-12,MO
463,2010-07-12,MON
464,2010-07-12,MRK
465,2010-07-12,MS
466,2010-07-12,MSFT
467,2010-07-12,NKE
468,2010-07-12,NOV
469,2010-07-12,NSC
470,2010-07-12,NWSA
471,2010-07-12,NYX
472,2010-07-12,ORCL
473,2010-07-12,OXY
474,2010-07-12,PEP
475,2010-07-12,PFE
476,2010-07-12,PG
477,2010-07-12,PM
478,2010-07-12,QCOM
479,2010-07-12,RF
480,2010-07-12,RTN
481,2010-07-12,S
482,2010-07-12,SLB
483,2010-07-12,SLE
484,2010-07-12,SO
485,2010-07-12,T
486,2010-07-12,TGT
487,2010-07-12,TWX
488,2010-07-12,TXN
489,2010-07-12,UNH
490,2010-07-12,UPS
491,2010-07-12,USB
492,2010-07-12,UTX
493,2010-07-12,VZ
494,2010-07-12,WAG
495,2010-07-12,WFC
496,2010-07-12,WMB
497,2010-07-12,WMT
498,2010-07-12,WY
499,2010-07-12,XOM
500,2010-07-12,XRX
501,2012-03-23,AAPL
502,2012-03-23,ABT
503,2012-03-23,ACN
504,2012-03-23,AEP
505,2012-03-23,ALL
506,2012-03-23,AMGN
507,2012-03-23,AMZN
508,2012-03-23,APC
509,2012-03-23,AXP
510,2012-03-23,BA
511,2012-03-23,BAC
512,2012-03-23,BAX
513,2012-03-23,BHI
514,2012-03-23,BK
515,2012-03-23,BMY
516,2012-03-23,BRK_B
517,2012-03-23,CAT
518,2012-03-23,C
519,2012-03-23,CL
520,2012-03-23,CMCS_A
521,2012-03-23,COF
522,2012-03-23,COP
523,2012-03-23,COST
524,2012-03-23,CPB
525,2012-03-23,CSCO
526,2012-03-23,CVS
527,2012-03-23,CVX
528,2012-03-23,DD
529,2012-03-23,DELL
530,2012-03-23,DIS
531,2012-03-23,DOW
532,2012-03-23,DVN
533,2012-03-23,EBAY
534,2012-03-23,EMC
535,2012-03-23,EXC
536,2012-03-23,F
537,2012-03-23,FCX
538,2012-03-23,FDX
539,2012-03-23,GD
540,2012-03-23,GE
541,2012-03-23,GILD
542,2012-03-23,GOOG
543,2012-03-23,GS
544,2012-03-23,HAL
545,2012-03-23,HD
546,2012-03-23,HNZ
547,2012-03-23,HON
548,2012-03-23,HPQ
549,2012-03-23,IBM
550,2012-03-23,INTC
551,2012-03-23,JNJ
552,2012-03-23,JPM
553,2012-03-23,KFT
554,2012-03-23,KO
555,2012-03-23,LLY
556,2012-03-23,LMT
557,2012-03-23,LOW
558,2012-03-23,MA
559,2012-03-23,MCD
560,2012-03-23,MDT
561,2012-03-23,MET
562,2012-03-23,MMM
563,2012-03-23,MO
564,2012-03-23,MON
565,2012-03-23,MRK
566,2012-03-23,MS
567,2012-03-23,MSFT
568,2012-03-23,NKE
569,2012-03-23,NOV
570,2012-03-23,NSC
571,2012-03-23,NWSA
572,2012-03-23,NYX
573,2012-03-23,ORCL
574,2012-03-23,OXY
575,2012-03-23,PEP
576,2012-03-23,PFE
577,2012-03-23,PG
578,2012-03-23,PM
579,2012-03-23,QCOM
580,2012-03-23,RF
581,2012-03-23,RTN
582,2012-03-23,SBUX
583,2012-03-23,SLB
584,2012-03-23,SLE
585,2012-03-23,SO
586,2012-03-23,SPG
587,2012-03-23,T
588,2012-03-23,TGT
589,2012-03-23,TWX
590,2012-03-23,TXN
591,2012-03-23,UNH
592,2012-03-23,UPS
593,2012-03-23,USB
594,2012-03-23,UTX
595,2012-03-23,VZ
596,2012-03-23,WAG
597,2012-03-23,WFC
598,2012-03-23,WMB
599,2012-03-23,WMT
600,2012-03-23,XOM
601,2012-07-30,AAPL
602,2012-07-30,ABT
603,2012-07-30,ACN
604,2012-07-30,AEP
605,2012-07-30,ALL
606,2012-07-30,AMGN
607,2012-07-30,AMZN
608,2012-07-30,APC
609,2012-07-30,AXP
610,2012-07-30,BA
611,2012-07-30,BAC
612,2012-07-30,BAX
613,2012-07-30,BHI
614,2012-07-30,BK
615,2012-07-30,BMY
616,2012-07-30,BRK_B
617,2012-07-30,CAT
618,2012-07-30,C
619,2012-07-30,CL
620,2012-07-30,CMCS_A
621,2012-07-30,COF
622,2012-07-30,COP
623,2012-07-30,COST
624,2012-07-30,CPB
625,2012-07-30,CSCO
626,2012-07-30,CVS
627,2012-07-30,CVX
628,2012-07-30,DD
629,2012-07-30,DELL
630,2012-07-30,DIS
631,2012-07-30,DOW
632,2012-07-30,DVN
633,2012-07-30,EBAY
634,2012-07-30,EMC
635,2012-07-30,EXC
636,2012-07-30,F
637,2012-07-30,FCX
638,2012-07-30,FDX
639,2012-07-30,GD
640,2012-07-30,GE
641,2012-07-30,GILD
642,2012-07-30,GOOG
643,2012-07-30,GS
644,2012-07-30,HAL
645,2012-07-30,HD
646,2012-07-30,HNZ
647,2012-07-30,HON
648,2012-07-30,HPQ
649,2012-07-30,IBM
650,2012-07-30,INTC
651,2012-07-30,JNJ
652,2012-07-30,JPM
653,2012-07-30,KFT
654,2012-07-30,KO
655,2012-07-30,LLY
656,2012-07-30,LMT
657,2012-07-30,LOW
658,2012-07-30,MA
659,2012-07-30,MCD
660,2012-07-30,MDT
661,2012-07-30,MET
662,2012-07-30,MMM
663,2012-07-30,MO
664,2012-07-30,MON
665,2012-07-30,MRK
666,2012-07-30,MS
667,2012-07-30,MSFT
668,2012-07-30,NKE
669,2012-07-30,NOV
670,2012-07-30,NSC
671,2012-07-30,NWSA
672,2012-07-30,NYX
673,2012-07-30,ORCL
674,2012-07-30,OXY
675,2012-07-30,PEP
676,2012-07-30,PFE
677,2012-07-30,PG
678,2012-07-30,PM
679,2012-07-30,QCOM
680,2012-07-30,RF
681,2012-07-30,RTN
682,2012-07-30,SBUX
683,2012-07-30,SLB
684,2012-07-30,HSH
685,2012-07-30,SO
686,2012-07-30,SPG
687,2012-07-30,T
688,2012-07-30,TGT
689,2012-07-30,TWX
690,2012-07-30,TXN
691,2012-07-30,UNH
692,2012-07-30,UPS
693,2012-07-30,USB
694,2012-07-30,UTX
695,2012-07-30,VZ
696,2012-07-30,WAG
697,2012-07-30,WFC
698,2012-07-30,WMB
699,2012-07-30,WMT
700,2012-07-30,XOM
701,2012-09-24,AAPL
702,2012-09-24,ABT
703,2012-09-24,ACN
704,2012-09-24,AEP
705,2012-09-24,ALL
706,2012-09-24,AMGN
707,2012-09-24,AMZN
708,2012-09-24,APA
709,2012-09-24,APC
710,2012-09-24,AXP
711,2012-09-24,BA
712,2012-09-24,BAC
713,2012-09-24,BAX
714,2012-09-24,BHI
715,2012-09-24,BK
716,2012-09-24,BMY
717,2012-09-24,BRK_B
718,2012-09-24,CAT
719,2012-09-24,C
720,2012-09-24,CL
721,2012-09-24,CMCS_A
722,2012-09-24,COF
723,2012-09-24,COP
724,2012-09-24,COST
725,2012-09-24,CSCO
726,2012-09-24,CVS
727,2012-09-24,CVX
728,2012-09-24,DD
729,2012-09-24,DELL
730,2012-09-24,DIS
731,2012-09-24,DOW
732,2012-09-24,DVN
733,2012-09-24,EBAY
734,2012-09-24,EMC
735,2012-09-24,EMR
736,2012-09-24,EXC
737,2012-09-24,F
738,2012-09-24,FCX
739,2012-09-24,FDX
740,2012-09-24,GD
741,2012-09-24,GE
742,2012-09-24,GILD
743,2012-09-24,GOOG
744,2012-09-24,GS
745,2012-09-24,HAL
746,2012-09-24,HD
747,2012-09-24,HNZ
748,2012-09-24,HON
749,2012-09-24,HPQ
750,2012-09-24,IBM
751,2012-09-24,INTC
752,2012-09-24,JNJ
753,2012-09-24,JPM
754,2012-09-24,KFT
755,2012-09-24,KO
756,2012-09-24,LLY
757,2012-09-24,LMT
758,2012-09-24,LOW
759,2012-09-24,MA
760,2012-09-24,MCD
761,2012-09-24,MDT
762,2012-09-24,MET
763,2012-09-24,MMM
764,2012-09-24,MO
765,2012-09-24,MON
766,2012-09-24,MRK
767,2012-09-24,MS
768,2012-09-24,MSFT
769,2012-09-24,NKE
770,2012-09-24,NOV
771,2012-09-24,NSC
772,2012-09-24,NWSA
773,2012-09-24,ORCL
774,2012-09-24,OXY
775,2012-09-24,PEP
776,2012-09-24,PFE
777,2012-09-24,PG
778,2012-09-24,PM
779,2012-09-24,QCOM
780,2012-09-24,RTN
781,2012-09-24,SBUX
782,2012-09-24,SLB
783,2012-09-24,SO
784,2012-09-24,SPG
785,2012-09-24,T
786,2012-09-24,TGT
787,2012-09-24,TWX
788,2012-09-24,TXN
789,2012-09-24,UNH
790,2012-09-24,UNP
791,2012-09-24,UPS
792,2012-09-24,USB
793,2012-09-24,UTX
794,2012-09-24,V
795,2012-09-24,VZ
796,2012-09-24,WAG
797,2012-09-24,WFC
798,2012-09-24,WMB
799,2012-09-24,WMT
800,2012-09-24,XOM
801,2012-11-28,AAPL
802,2012-11-28,ABT
803,2012-11-28,ACN
804,2012-11-28,AEP
805,2012-11-28,ALL
806,2012-11-28,AMGN
807,2012-11-28,AMZN
808,2012-11-28,APA
809,2012-11-28,APC
810,2012-11-28,AXP
811,2012-11-28,BA
812,2012-11-28,BAC
813,2012-11-28,BAX
814,2012-11-28,BHI
815,2012-11-28,BK
816,2012-11-28,BMY
817,2012-11-28,BRK_B
818,2012-11-28,CAT
819,2012-11-28,C
820,2012-11-28,CL
821,2012-11-28,CMCS_A
822,2012-11-28,COF
823,2012-11-28,COP
824,2012-11-28,COST
825,2012-11-28,CSCO
826,2012-11-28,CVS
827,2012-11-28,CVX
828,2012-11-28,DD
829,2012-11-28,DELL
830,2012-11-28,DIS
831,2012-11-28,DOW
832,2012-11-28,DVN
833,2012-11-28,EBAY
834,2012-11-28,EMC
835,2012-11-28,EMR
836,2012-11-28,EXC
837,2012-11-28,F
838,2012-11-28,FCX
839,2012-11-28,FDX
840,2012-11-28,GD
841,2012-11-28,GE
842,2012-11-28,GILD
843,2012-11-28,GOOG
844,2012-11-28,GS
845,2012-11-28,HAL
846,2012-11-28,HD
847,2012-11-28,HNZ
848,2012-11-28,HON
849,2012-11-28,HPQ
850,2012-11-28,IBM
851,2012-11-28,INTC
852,2012-11-28,JNJ
853,2012-11-28,JPM
854,2012-11-28,KO
855,2012-11-28,LLY
856,2012-11-28,LMT
857,2012-11-28,LOW
858,2012-11-28,MA
859,2012-11-28,MCD
860,2012-11-28,MDLZ
861,2012-11-28,MDT
862,2012-11-28,MET
863,2012-11-28,MMM
864,2012-11-28,MO
865,2012-11-28,MON
866,2012-11-28,MRK
867,2012-11-28,MS
868,2012-11-28,MSFT
869,2012-11-28,NKE
870,2012-11-28,NOV
871,2012-11-28,NSC
872,2012-11-28,NWSA
873,2012-11-28,ORCL
874,2012-11-28,OXY
875,2012-11-28,PEP
876,2012-11-28,PFE
877,2012-11-28,PG
878,2012-11-28,PM
879,2012-11-28,QCOM
880,2012-11-28,RTN
881,2012-11-28,SBUX
882,2012-11-28,SLB
883,2012-11-28,SO
884,2012-11-28,SPG
885,2012-11-28,T
886,2012-11-28,TGT
887,2012-11-28,TWX
888,2012-11-28,TXN
889,2012-11-28,UNH
890,2012-11-28,UNP
891,2012-11-28,UPS
892,2012-11-28,USB
893,2012-11-28,UTX
894,2012-11-28,V
895,2012-11-28,VZ
896,2012-11-28,WAG
897,2012-11-28,WFC
898,2012-11-28,WMB
899,2012-11-28,WMT
900,2012-11-28,XOM
901,2013-01-02,AAPL
902,2013-01-02,ABT
903,2013-01-02,ACN
904,2013-01-02,AEP
905,2013-01-02,ALL
906,2013-01-02,AMGN
907,2013-01-02,AMZN
908,2013-01-02,APA
909,2013-01-02,APC
910,2013-01-02,AXP
911,2013-01-02,BA
912,2013-01-02,BAC
913,2013-01-02,BAX
914,2013-01-02,BHI
915,2013-01-02,BK
916,2013-01-02,BMY
917,2013-01-02,BRK_B
918,2013-01-02,CAT
919,2013-01-02,C
920,2013-01-02,CL
921,2013-01-02,CMCS_A
922,2013-01-02,COF
923,2013-01-02,COP
924,2013-01-02,COST
925,2013-01-02,CSCO
926,2013-01-02,CVS
927,2013-01-02,CVX
928,2013-01-02,DD
929,2013-01-02,DELL
930,2013-01-02,DIS
931,2013-01-02,DOW
932,2013-01-02,DVN
933,2013-01-02,EBAY
934,2013-01-02,EMC
935,2013-01-02,EMR
936,2013-01-02,EXC
937,2013-01-02,F
938,2013-01-02,FCX
939,2013-01-02,FDX
940,2013-01-02,GD
941,2013-01-02,GE
942,2013-01-02,GILD
943,2013-01-02,GOOG
944,2013-01-02,GS
945,2013-01-02,HAL
946,2013-01-02,HD
947,2013-01-02,HNZ
948,2013-01-02,HON
949,2013-01-02,HPQ
950,2013-01-02,IBM
951,2013-01-02,INTC
952,2013-01-02,JNJ
953,2013-01-02,JPM
954,2013-01-02,KO
955,2013-01-02,LLY
956,2013-01-02,LMT
957,2013-01-02,LOW
958,2013-01-02,MA
959,2013-01-02,MCD
960,2013-01-02,MDT
961,2013-01-02,MET
962,2013-01-02,MMM
963,2013-01-02,MO
964,2013-01-02,MON
965,2013-01-02,MRK
966,2013-01-02,MS
967,2013-01-02,MSFT
968,2013-01-02,NKE
969,2013-01-02,NOV
970,2013-01-02,NSC
971,2013-01-02,NWSA
972,2013-01-02,ORCL
973,2013-01-02,OXY
974,2013-01-02,PEP
975,2013-01-02,PFE
976,2013-01-02,PG
977,2013-01-02,PM
978,2013-01-02,QCOM
979,2013-01-02,RTN
980,2013-01-02,SBUX
981,2013-01-02,SLB
982,2013-01-02,SO
983,2013-01-02,SPG
984,2013-01-02,T
985,2013-01-02,TGT
986,2013-01-02,TWX
987,2013-01-02,TXN
988,2013-01-02,UNH
989,2013-01-02,UNP
990,2013-01-02,UPS
991,2013-01-02,USB
992,2013-01-02,UTX
993,2013-01-02,V
994,2013-01-02,VZ
995,2013-01-02,WAG
996,2013-01-02,WFC
997,2013-01-02,WMB
998,2013-01-02,WMT
999,2013-01-02,XOM
1000,2013-03-07,AAPL
1001,2013-03-07,ABT
1002,2013-03-07,ACN
1003,2013-03-07,AEP
1004,2013-03-07,ALL
1005,2013-03-07,AMGN
1006,2013-03-07,AMZN
1007,2013-03-07,APA
1008,2013-03-07,APC
1009,2013-03-07,AXP
1010,2013-03-07,BA
1011,2013-03-07,BAC
1012,2013-03-07,BAX
1013,2013-03-07,BHI
1014,2013-03-07,BK
1015,2013-03-07,BMY
1016,2013-03-07,BRK_B
1017,2013-03-07,C
1018,2013-03-07,CAT
1019,2013-03-07,CL
1020,2013-03-07,CMCS_A
1021,2013-03-07,COF
1022,2013-03-07,COP
1023,2013-03-07,COST
1024,2013-03-07,CSCO
1025,2013-03-07,CVS
1026,2013-03-07,CVX
1027,2013-03-07,DD
1028,2013-03-07,DELL
1029,2013-03-07,DIS
1030,2013-03-07,DOW
1031,2013-03-07,DVN
1032,2013-03-07,EBAY
1033,2013-03-07,EMC
1034,2013-03-07,EMR
1035,2013-03-07,EXC
1036,2013-03-07,F
1037,2013-03-07,FCX
1038,2013-03-07,FDX
1039,2013-03-07,GD
1040,2013-03-07,GE
1041,2013-03-07,GILD
1042,2013-03-07,GOOG
1043,2013-03-07,GS
1044,2013-03-07,HAL
1045,2013-03-07,HD
1046,2013-03-07,HNZ
1047,2013-03-07,HON
1048,2013-03-07,HPQ
1049,2013-03-07,IBM
1050,2013-03-07,INTC
1051,2013-03-07,JNJ
1052,2013-03-07,JPM
1053,2013-03-07,KO
1054,2013-03-07,LLY
1055,2013-03-07,LMT
1056,2013-03-07,LOW
1057,2013-03-07,MA
1058,2013-03-07,MCD
1059,2013-03-07,MDT
1060,2013-03-07,MDLZ
1061,2013-03-07,MET
1062,2013-03-07,MMM
1063,2013-03-07,MO
1064,2013-03-07,MON
1065,2013-03-07,MRK
1066,2013-03-07,MS
1067,2013-03-07,MSFT
1068,2013-03-07,NKE
1069,2013-03-07,NOV
1070,2013-03-07,NSC
1071,2013-03-07,NWSA
1072,2013-03-07,ORCL
1073,2013-03-07,OXY
1074,2013-03-07,PEP
1075,2013-03-07,PFE
1076,2013-03-07,PG
1077,2013-03-07,PM
1078,2013-03-07,QCOM
1079,2013-03-07,RTN
1080,2013-03-07,SBUX
1081,2013-03-07,SLB
1082,2013-03-07,SO
1083,2013-03-07,SPG
1084,2013-03-07,T
1085,2013-03-07,TGT
1086,2013-03-07,TWX
1087,2013-03-07,TXN
1088,2013-03-07,UNH
1089,2013-03-07,UNP
1090,2013-03-07,UPS
1091,2013-03-07,USB
1092,2013-03-07,UTX
1093,2013-03-07,V
1094,2013-03-07,WAG
1095,2013-03-07,WFC
1096,2013-03-07,WMB
1097,2013-03-07,WMT
1098,2013-03-07,VZ
1099,2013-03-07,XOM
1100,2013-04-02,AAPL
1101,2013-04-02,ABT
1102,2013-04-02,ACN
1103,2013-04-02,AEP
1104,2013-04-02,ALL
1105,2013-04-02,AMGN
1106,2013-04-02,AMZN
1107,2013-04-02,APA
1108,2013-04-02,APC
1109,2013-04-02,AXP
1110,2013-04-02,BA
1111,2013-04-02,BAC
1112,2013-04-02,BAX
1113,2013-04-02,BHI
1114,2013-04-02,BK
1115,2013-04-02,BMY
1116,2013-04-02,BRK_B
1117,2013-04-02,C
1118,2013-04-02,CAT
1119,2013-04-02,CL
1120,2013-04-02,CMCS_A
1121,2013-04-02,COF
1122,2013-04-02,COP
1123,2013-04-02,COST
1124,2013-04-02,CSCO
1125,2013-04-02,CVS
1126,2013-04-02,CVX
1127,2013-04-02,DD
1128,2013-04-02,DELL
1129,2013-04-02,DIS
1130,2013-04-02,DOW
1131,2013-04-02,DVN
1132,2013-04-02,EBAY
1133,2013-04-02,EMC
1134,2013-04-02,EMR
1135,2013-04-02,EXC
1136,2013-04-02,F
1137,2013-04-02,FCX
1138,2013-04-02,FDX
1139,2013-04-02,GD
1140,2013-04-02,GE
1141,2013-04-02,GILD
1142,2013-04-02,GOOG
1143,2013-04-02,GS
1144,2013-04-02,HAL
1145,2013-04-02,HD
1146,2013-04-02,HNZ
1147,2013-04-02,HON
1148,2013-04-02,HPQ
1149,2013-04-02,IBM
1150,2013-04-02,INTC
1151,2013-04-02,JNJ
1152,2013-04-02,JPM
1153,2013-04-02,KO
1154,2013-04-02,LLY
1155,2013-04-02,LMT
1156,2013-04-02,LOW
1157,2013-04-02,MA
1158,2013-04-02,MCD
1159,2013-04-02,MDLZ
1160,2013-04-02,MDT
1161,2013-04-02,MET
1162,2013-04-02,MMM
1163,2013-04-02,MO
1164,2013-04-02,MON
1165,2013-04-02,MRK
1166,2013-04-02,MS
1167,2013-04-02,MSFT
1168,2013-04-02,NKE
1169,2013-04-02,NOV
1170,2013-04-02,NSC
1171,2013-04-02,NWSA
1172,2013-04-02,ORCL
1173,2013-04-02,OXY
1174,2013-04-02,PEP
1175,2013-04-02,PFE
1176,2013-04-02,PG
1177,2013-04-02,PM
1178,2013-04-02,QCOM
1179,2013-04-02,RTN
1180,2013-04-02,SBUX
1181,2013-04-02,SLB
1182,2013-04-02,SO
1183,2013-04-02,SPG
1184,2013-04-02,T
1185,2013-04-02,TGT
1186,2013-04-02,TWX
1187,2013-04-02,TXN
1188,2013-04-02,UNH
1189,2013-04-02,UNP
1190,2013-04-02,UPS
1191,2013-04-02,USB
1192,2013-04-02,UTX
1193,2013-04-02,V
1194,2013-04-02,VZ
1195,2013-04-02,WAG
1196,2013-04-02,WFC
1197,2013-04-02,WMB
1198,2013-04-02,WMT
1199,2013-04-02,XOM
1200,2013-05-07,AAPL
1201,2013-05-07,ABT
1202,2013-05-07,ACN
1203,2013-05-07,AEP
1204,2013-05-07,ALL
1205,2013-05-07,AMGN
1206,2013-05-07,AMZN
1207,2013-05-07,APA
1208,2013-05-07,APC
1209,2013-05-07,AXP
1210,2013-05-07,BA
1211,2013-05-07,BAC
1212,2013-05-07,BAX
1213,2013-05-07,BHI
1214,2013-05-07,BK
1215,2013-05-07,BMY
1216,2013-05-07,BRK_B
1217,2013-05-07,C
1218,2013-05-07,CAT
1219,2013-05-07,CL
1220,2013-05-07,CMCS_A
1221,2013-05-07,COF
1222,2013-05-07,COP
1223,2013-05-07,COST
1224,2013-05-07,CSCO
1225,2013-05-07,CVS
1226,2013-05-07,CVX
1227,2013-05-07,DD
1228,2013-05-07,DELL
1229,2013-05-07,DIS
1230,2013-05-07,DOW
1231,2013-05-07,DVN
1232,2013-05-07,EBAY
1233,2013-05-07,EMC
1234,2013-05-07,EMR
1235,2013-05-07,EXC
1236,2013-05-07,F
1237,2013-05-07,FCX
1238,2013-05-07,FDX
1239,2013-05-07,GD
1240,2013-05-07,GE
1241,2013-05-07,GILD
1242,2013-05-07,GOOG
1243,2013-05-07,GS
1244,2013-05-07,HAL
1245,2013-05-07,HD
1246,2013-05-07,HNZ
1247,2013-05-07,HON
1248,2013-05-07,HPQ
1249,2013-05-07,IBM
1250,2013-05-07,INTC
1251,2013-05-07,JNJ
1252,2013-05-07,JPM
1253,2013-05-07,KO
1254,2013-05-07,LLY
1255,2013-05-07,LMT
1256,2013-05-07,LOW
1257,2013-05-07,MA
1258,2013-05-07,MCD
1259,2013-05-07,MDLZ
1260,2013-05-07,MDT
1261,2013-05-07,MET
1262,2013-05-07,MMM
1263,2013-05-07,MO
1264,2013-05-07,MON
1265,2013-05-07,MRK
1266,2013-05-07,MS
1267,2013-05-07,MSFT
1268,2013-05-07,NKE
1269,2013-05-07,NOV
1270,2013-05-07,NSC
1271,2013-05-07,NWSA
1272,2013-05-07,ORCL
1273,2013-05-07,CTS
1274,2013-05-07,OXY
1275,2013-05-07,PEP
1276,2013-05-07,PFE
1277,2013-05-07,PG
1278,2013-05-07,PM
1279,2013-05-07,QCOM
1280,2013-05-07,RTN
1281,2013-05-07,SBUX
1282,2013-05-07,SLB
1283,2013-05-07,SO
1284,2013-05-07,SPG
1285,2013-05-07,T
1286,2013-05-07,TGT
1287,2013-05-07,TWX
1288,2013-05-07,TXN
1289,2013-05-07,UNH
1290,2013-05-07,UNP
1291,2013-05-07,UPS
1292,2013-05-07,USB
1293,2013-05-07,UTX
1294,2013-05-07,V
1295,2013-05-07,VZ
1296,2013-05-07,WAG
1297,2013-05-07,WFC
1298,2013-05-07,WMB
1299,2013-05-07,WMT
1300,2013-05-07,XOM
1301,2013-06-05,AAPL
1302,2013-06-05,ABT
1303,2013-06-05,ACN
1304,2013-06-05,AEP
1305,2013-06-05,AIG
1306,2013-06-05,ALL
1307,2013-06-05,AMGN
1308,2013-06-05,AMZN
1309,2013-06-05,APA
1310,2013-06-05,APC
1311,2013-06-05,AXP
1312,2013-06-05,BA
1313,2013-06-05,BAC
1314,2013-06-05,BAX
1315,2013-06-05,BK
1316,2013-06-05,BMY
1317,2013-06-05,BRK_B
1318,2013-06-05,C
1319,2013-06-05,CAT
1320,2013-06-05,CL
1321,2013-06-05,CMCS_A
1322,2013-06-05,COF
1323,2013-06-05,COP
1324,2013-06-05,COST
1325,2013-06-05,CSCO
1326,2013-06-05,CVS
1327,2013-06-05,CVX
1328,2013-06-05,DD
1329,2013-06-05,DELL
1330,2013-06-05,DIS
1331,2013-06-05,DOW
1332,2013-06-05,DVN
1333,2013-06-05,EBAY
1334,2013-06-05,EMC
1335,2013-06-05,EMR
1336,2013-06-05,EXC
1337,2013-06-05,F
1338,2013-06-05,FCX
1339,2013-06-05,FDX
1340,2013-06-05,GD
1341,2013-06-05,GE
1342,2013-06-05,GILD
1343,2013-06-05,GM
1344,2013-06-05,GOOG
1345,2013-06-05,GS
1346,2013-06-05,HAL
1347,2013-06-05,HD
1348,2013-06-05,HON
1349,2013-06-05,HPQ
1350,2013-06-05,IBM
1351,2013-06-05,INTC
1352,2013-06-05,JNJ
1353,2013-06-05,JPM
1354,2013-06-05,KO
1355,2013-06-05,LLY
1356,2013-06-05,LMT
1357,2013-06-05,LOW
1358,2013-06-05,MA
1359,2013-06-05,MCD
1360,2013-06-05,MDLZ
1361,2013-06-05,MDT
1362,2013-06-05,MET
1363,2013-06-05,MMM
1364,2013-06-05,MO
1365,2013-06-05,MON
1366,2013-06-05,MRK
1367,2013-06-05,MS
1368,2013-06-05,MSFT
1369,2013-06-05,NKE
1370,2013-06-05,NOV
1371,2013-06-05,NSC
1372,2013-06-05,NWSA
1373,2013-06-05,ORCL
1374,2013-06-05,CTS
1375,2013-06-05,OXY
1376,2013-06-05,PEP
1377,2013-06-05,PFE
1378,2013-06-05,PG
1379,2013-06-05,PM
1380,2013-06-05,QCOM
1381,2013-06-05,RTN
1382,2013-06-05,SBUX
1383,2013-06-05,SLB
1384,2013-06-05,SO
1385,2013-06-05,SPG
1386,2013-06-05,T
1387,2013-06-05,TGT
1388,2013-06-05,TWX
1389,2013-06-05,TXN
1390,2013-06-05,UNH
1391,2013-06-05,UNP
1392,2013-06-05,UPS
1393,2013-06-05,USB
1394,2013-06-05,UTX
1395,2013-06-05,V
1396,2013-06-05,VZ
1397,2013-06-05,WAG
1398,2013-06-05,WFC
1399,2013-06-05,WMB
1400,2013-06-05,WMT
1401,2013-06-05,XOM
1402,2013-08-07,AAPL
1403,2013-08-07,ABT
1404,2013-08-07,ACN
1405,2013-08-07,AEP
1406,2013-08-07,AIG
1407,2013-08-07,ALL
1408,2013-08-07,AMGN
1409,2013-08-07,AMZN
1410,2013-08-07,APA
1411,2013-08-07,APC
1412,2013-08-07,AXP
1413,2013-08-07,BA
1414,2013-08-07,BAC
1415,2013-08-07,BAX
1416,2013-08-07,BK
1417,2013-08-07,BMY
1418,2013-08-07,BRK_B
1419,2013-08-07,C
1420,2013-08-07,CAT
1421,2013-08-07,CL
1422,2013-08-07,CMCS_A
1423,2013-08-07,COF
1424,2013-08-07,COP
1425,2013-08-07,COST
1426,2013-08-07,CSCO
1427,2013-08-07,CVS
1428,2013-08-07,CVX
1429,2013-08-07,DD
1430,2013-08-07,DELL
1431,2013-08-07,DIS
1432,2013-08-07,DOW
1433,2013-08-07,DVN
1434,2013-08-07,EBAY
1435,2013-08-07,EMC
1436,2013-08-07,EMR
1437,2013-08-07,EXC
1438,2013-08-07,F
1439,2013-08-07,FCX
1440,2013-08-07,FDX
1441,2013-08-07,GD
1442,2013-08-07,GE
1443,2013-08-07,GILD
1444,2013-08-07,GM
1445,2013-08-07,GOOG
1446,2013-08-07,GS
1447,2013-08-07,HAL
1448,2013-08-07,HD
1449,2013-08-07,HON
1450,2013-08-07,HPQ
1451,2013-08-07,IBM
1452,2013-08-07,INTC
1453,2013-08-07,JNJ
1454,2013-08-07,JPM
1455,2013-08-07,KO
1456,2013-08-07,LLY
1457,2013-08-07,LMT
1458,2013-08-07,LOW
1459,2013-08-07,MA
1460,2013-08-07,MCD
1461,2013-08-07,MDLZ
1462,2013-08-07,MDT
1463,2013-08-07,MET
1464,2013-08-07,MMM
1465,2013-08-07,MO
1466,2013-08-07,MON
1467,2013-08-07,MRK
1468,2013-08-07,MS
1469,2013-08-07,MSFT
1470,2013-08-07,NKE
1471,2013-08-07,NOV
1472,2013-08-07,NSC
1473,2013-08-07,NWSA
1474,2013-08-07,ORCL
1475,2013-08-07,OXY
1476,2013-08-07,PEP
1477,2013-08-07,PFE
1478,2013-08-07,PG
1479,2013-08-07,PM
1480,2013-08-07,QCOM
1481,2013-08-07,RTN
1482,2013-08-07,SBUX
1483,2013-08-07,SLB
1484,2013-08-07,SO
1485,2013-08-07,SPG
1486,2013-08-07,T
1487,2013-08-07,TGT
1488,2013-08-07,TWX
1489,2013-08-07,TXN
1490,2013-08-07,UNH
1491,2013-08-07,UNP
1492,2013-08-07,UPS
1493,2013-08-07,USB
1494,2013-08-07,UTX
1495,2013-08-07,V
1496,2013-08-07,VZ
1497,2013-08-07,WAG
1498,2013-08-07,WFC
1499,2013-08-07,WMB
1500,2013-08-07,WMT
1501,2013-08-07,XOM
1502,2013-12-02,AAPL
1503,2013-12-02,ABBV
1504,2013-12-02,ABT
1505,2013-12-02,ACN
1506,2013-12-02,AEP
1507,2013-12-02,AIG
1508,2013-12-02,ALL
1509,2013-12-02,AMGN
1510,2013-12-02,AMZN
1511,2013-12-02,APA
1512,2013-12-02,APC
1513,2013-12-02,AXP
1514,2013-12-02,BA
1515,2013-12-02,BAC
1516,2013-12-02,BAX
1517,2013-12-02,BK
1518,2013-12-02,BMY
1519,2013-12-02,BRK_B
1520,2013-12-02,C
1521,2013-12-02,CAT
1522,2013-12-02,CL
1523,2013-12-02,CMCS_A
1524,2013-12-02,COF
1525,2013-12-02,COP
1526,2013-12-02,COST
1527,2013-12-02,CSCO
1528,2013-12-02,CVS
1529,2013-12-02,CVX
1530,2013-12-02,DD
1531,2013-12-02,DIS
1532,2013-12-02,DOW
1533,2013-12-02,DVN
1534,2013-12-02,EBAY
1535,2013-12-02,EMC
1536,2013-12-02,EMR
1537,2013-12-02,EXC
1538,2013-12-02,F
1539,2013-12-02,FCX
1540,2013-12-02,FDX
1541,2013-12-02,FOXA
1542,2013-12-02,GD
1543,2013-12-02,GE
1544,2013-12-02,GILD
1545,2013-12-02,GM
1546,2013-12-02,GOOG
1547,2013-12-02,GS
1548,2013-12-02,HAL
1549,2013-12-02,HD
1550,2013-12-02,HON
1551,2013-12-02,HPQ
1552,2013-12-02,IBM
1553,2013-12-02,INTC
1554,2013-12-02,JNJ
1555,2013-12-02,JPM
1556,2013-12-02,KO
1557,2013-12-02,LLY
1558,2013-12-02,LMT
1559,2013-12-02,LOW
1560,2013-12-02,MA
1561,2013-12-02,MCD
1562,2013-12-02,MDLZ
1563,2013-12-02,MDT
1564,2013-12-02,MET
1565,2013-12-02,MMM
1566,2013-12-02,MO
1567,2013-12-02,MON
1568,2013-12-02,MRK
1569,2013-12-02,MS
1570,2013-12-02,MSFT
1571,2013-12-02,NKE
1572,2013-12-02,NOV
1573,2013-12-02,NSC
1574,2013-12-02,ORCL
1575,2013-12-02,OXY
1576,2013-12-02,PEP
1577,2013-12-02,PFE
1578,2013-12-02,PG
1579,2013-12-02,PM
1580,2013-12-02,QCOM
1581,2013-12-02,RTN
1582,2013-12-02,SBUX
1583,2013-12-02,SLB
1584,2013-12-02,SO
1585,2013-12-02,SPG
1586,2013-12-02,T
1587,2013-12-02,TGT
1588,2013-12-02,TWX
1589,2013-12-02,TXN
1590,2013-12-02,UNH
1591,2013-12-02,UNP
1592,2013-12-02,UPS
1593,2013-12-02,USB
1594,2013-12-02,UTX
1595,2013-12-02,V
1596,2013-12-02,VZ
1597,2013-12-02,WAG
1598,2013-12-02,WFC
1599,2013-12-02,WMB
1600,2013-12-02,WMT
1601,2013-12-02,XOM
1602,2013-12-20,AAPL
1603,2013-12-20,ABBV
1604,2013-12-20,ABT
1605,2013-12-20,ACN
1606,2013-12-20,AEP
1607,2013-12-20,AIG
1608,2013-12-20,ALL
1609,2013-12-20,AMGN
1610,2013-12-20,AMZN
1611,2013-12-20,APA
1612,2013-12-20,APC
1613,2013-12-20,AXP
1614,2013-12-20,BA
1615,2013-12-20,BAC
1616,2013-12-20,BAX
1617,2013-12-20,BK
1618,2013-12-20,BMY
1619,2013-12-20,BRK_B
1620,2013-12-20,C
1621,2013-12-20,CAT
1622,2013-12-20,CL
1623,2013-12-20,CMCS_A
1624,2013-12-20,COF
1625,2013-12-20,COP
1626,2013-12-20,COST
1627,2013-12-20,CSCO
1628,2013-12-20,CVS
1629,2013-12-20,CVX
1630,2013-12-20,DD
1631,2013-12-20,DIS
1632,2013-12-20,DOW
1633,2013-12-20,DVN
1634,2013-12-20,EBAY
1635,2013-12-20,EMC
1636,2013-12-20,EMR
1637,2013-12-20,EXC
1638,2013-12-20,F
1639,2013-12-20,FB
1640,2013-12-20,FCX
1641,2013-12-20,FDX
1642,2013-12-20,FOXA
1643,2013-12-20,GD
1644,2013-12-20,GE
1645,2013-12-20,GILD
1646,2013-12-20,GM
1647,2013-12-20,GOOG
1648,2013-12-20,GS
1649,2013-12-20,HAL
1650,2013-12-20,HD
1651,2013-12-20,HON
1652,2013-12-20,HPQ
1653,2013-12-20,IBM
1654,2013-12-20,INTC
1655,2013-12-20,JNJ
1656,2013-12-20,JPM
1657,2013-12-20,KO
1658,2013-12-20,LLY
1659,2013-12-20,LMT
1660,2013-12-20,LOW
1661,2013-12-20,MA
1662,2013-12-20,MCD
1663,2013-12-20,MDLZ
1664,2013-12-20,MDT
1665,2013-12-20,MET
1666,2013-12-20,MMM
1667,2013-12-20,MO
1668,2013-12-20,MON
1669,2013-12-20,MRK
1670,2013-12-20,MS
1671,2013-12-20,MSFT
1672,2013-12-20,NKE
1673,2013-12-20,NOV
1674,2013-12-20,NSC
1675,2013-12-20,ORCL
1676,2013-12-20,OXY
1677,2013-12-20,PEP
1678,2013-12-20,PFE
1679,2013-12-20,PG
1680,2013-12-20,PM
1681,2013-12-20,QCOM
1682,2013-12-20,RTN
1683,2013-12-20,SBUX
1684,2013-12-20,SLB
1685,2013-12-20,SO
1686,2013-12-20,SPG
1687,2013-12-20,T
1688,2013-12-20,TGT
1689,2013-12-20,TWX
1690,2013-12-20,TXN
1691,2013-12-20,UNH
1692,2013-12-20,UNP
1693,2013-12-20,UPS
1694,2013-12-20,USB
1695,2013-12-20,UTX
1696,2013-12-20,V
1697,2013-12-20,VZ
1698,2013-12-20,WAG
1699,2013-12-20,WFC
1700,2013-12-20,WMT
1701,2013-12-20,XOM
1702,2014-03-27,AAPL
1703,2014-03-27,ABBV
1704,2014-03-27,ABT
1705,2014-03-27,ACN
1706,2014-03-27,AEP
1707,2014-03-27,AIG
1708,2014-03-27,ALL
1709,2014-03-27,AMGN
1710,2014-03-27,AMZN
1711,2014-03-27,APA
1712,2014-03-27,APC
1713,2014-03-27,AXP
1714,2014-03-27,BA
1715,2014-03-27,BAC
1716,2014-03-27,BAX
1717,2014-03-27,BK
1718,2014-03-27,BMY
1719,2014-03-27,BRK_B
1720,2014-03-27,C
1721,2014-03-27,CAT
1722,2014-03-27,CL
1723,2014-03-27,CMCS_A
1724,2014-03-27,COF
1725,2014-03-27,COP
1726,2014-03-27,COST
1727,2014-03-27,CSCO
1728,2014-03-27,CVS
1729,2014-03-27,CVX
1730,2014-03-27,DD
1731,2014-03-27,DIS
1732,2014-03-27,DOW
1733,2014-03-27,DVN
1734,2014-03-27,EBAY
1735,2014-03-27,EMC
1736,2014-03-27,EMR
1737,2014-03-27,EXC
1738,2014-03-27,F
1739,2014-03-27,FB
1740,2014-03-27,FCX
1741,2014-03-27,FDX
1742,2014-03-27,FOXA
1743,2014-03-27,GD
1744,2014-03-27,GE
1745,2014-03-27,GILD
1746,2014-03-27,GM
1747,2014-03-27,GOOG
1748,2014-03-27,GS
1749,2014-03-27,HAL
1750,2014-03-27,HD
1751,2014-03-27,HON
1752,2014-03-27,HPQ
1753,2014-03-27,IBM
1754,2014-03-27,INTC
1755,2014-03-27,JNJ
1756,2014-03-27,JPM
1757,2014-03-27,KO
1758,2014-03-27,LLY
1759,2014-03-27,LMT
1760,2014-03-27,LOW
1761,2014-03-27,MA
1762,2014-03-27,MCD
1763,2014-03-27,MDLZ
1764,2014-03-27,MDT
1765,2014-03-27,MET
1766,2014-03-27,MMM
1767,2014-03-27,MO
1768,2014-03-27,MON
1769,2014-03-27,MRK
1770,2014-03-27,MS
1771,2014-03-27,MSFT
1772,2014-03-27,NKE
1773,2014-03-27,NOV
1774,2014-03-27,NSC
1775,2014-03-27,ORCL
1776,2014-03-27,OXY
1777,2014-03-27,PEP
1778,2014-03-27,PFE
1779,2014-03-27,PG
1780,2014-03-27,PM
1781,2014-03-27,QCOM
1782,2014-03-27,RTN
1783,2014-03-27,SBUX
1784,2014-03-27,SLB
1785,2014-03-27,SO
1786,2014-03-27,SPG
1787,2014-03-27,T
1788,2014-03-27,TGT
1789,2014-03-27,TWX
1790,2014-03-27,TXN
1791,2014-03-27,UNH
1792,2014-03-27,UNP
1793,2014-03-27,UPS
1794,2014-03-27,USB
1795,2014-03-27,UTX
1796,2014-03-27,V
1797,2014-03-27,VZ
1798,2014-03-27,WAG
1799,2014-03-27,WFC
1800,2014-03-27,WMT
1801,2014-03-27,XOM
1802,2014-04-23,AAPL
1803,2014-04-23,ABBV
1804,2014-04-23,ABT
1805,2014-04-23,ACN
1806,2014-04-23,AEP
1807,2014-04-23,AIG
1808,2014-04-23,ALL
1809,2014-04-23,AMGN
1810,2014-04-23,AMZN
1811,2014-04-23,APA
1812,2014-04-23,APC
1813,2014-04-23,AXP
1814,2014-04-23,BA
1815,2014-04-23,BAC
1816,2014-04-23,BAX
1817,2014-04-23,BK
1818,2014-04-23,BMY
1819,2014-04-23,BRK_B
1820,2014-04-23,C
1821,2014-04-23,CAT
1822,2014-04-23,CL
1823,2014-04-23,CMCS_A
1824,2014-04-23,COF
1825,2014-04-23,COP
1826,2014-04-23,COST
1827,2014-04-23,CSCO
1828,2014-04-23,CVS
1829,2014-04-23,CVX
1830,2014-04-23,DD
1831,2014-04-23,DIS
1832,2014-04-23,DOW
1833,2014-04-23,DVN
1834,2014-04-23,EBAY
1835,2014-04-23,EMC
1836,2014-04-23,EMR
1837,2014-04-23,EXC
1838,2014-04-23,F
1839,2014-04-23,FB
1840,2014-04-23,FCX
1841,2014-04-23,FDX
1842,2014-04-23,FOXA
1843,2014-04-23,GD
1844,2014-04-23,GE
1845,2014-04-23,GILD
1846,2014-04-23,GM
1847,2014-04-23,GOOG
1848,2014-04-23,GS
1849,2014-04-23,HAL
1850,2014-04-23,HD
1851,2014-04-23,HON
1852,2014-04-23,HPQ
1853,2014-04-23,IBM
1854,2014-04-23,INTC
1855,2014-04-23,JNJ
1856,2014-04-23,JPM
1857,2014-04-23,KO
1858,2014-04-23,LLY
1859,2014-04-23,LMT
1860,2014-04-23,LOW
1861,2014-04-23,MA
1862,2014-04-23,MCD
1863,2014-04-23,MDLZ
1864,2014-04-23,MDT
1865,2014-04-23,MET
1866,2014-04-23,MMM
1867,2014-04-23,MO
1868,2014-04-23,MON
1869,2014-04-23,MRK
1870,2014-04-23,MS
1871,2014-04-23,MSFT
1872,2014-04-23,NKE
1873,2014-04-23,NOV
1874,2014-04-23,NSC
1875,2014-04-23,ORCL
1876,2014-04-23,OXY
1877,2014-04-23,PEP
1878,2014-04-23,PFE
1879,2014-04-23,PG
1880,2014-04-23,PM
1881,2014-04-23,QCOM
1882,2014-04-23,RTN
1883,2014-04-23,SBUX
1884,2014-04-23,SLB
1885,2014-04-23,SO
1886,2014-04-23,SPG
1887,2014-04-23,T
1888,2014-04-23,TGT
1889,2014-04-23,TWX
1890,2014-04-23,TXN
1891,2014-04-23,UNH
1892,2014-04-23,UNP
1893,2014-04-23,UPS
1894,2014-04-23,USB
1895,2014-04-23,UTX
1896,2014-04-23,V
1897,2014-04-23,VZ
1898,2014-04-23,WAG
1899,2014-04-23,WFC
1900,2014-04-23,WMT
1901,2014-04-23,XOM
1902,2014-06-23,AAPL
1903,2014-06-23,ABBV
1904,2014-06-23,ABT
1905,2014-06-23,ACN
1906,2014-06-23,AIG
1907,2014-06-23,ALL
1908,2014-06-23,AMGN
1909,2014-06-23,AMZN
1910,2014-06-23,APA
1911,2014-06-23,APC
1912,2014-06-23,AXP
1913,2014-06-23,BA
1914,2014-06-23,BAC
1915,2014-06-23,BAX
1916,2014-06-23,BIIB
1917,2014-06-23,BK
1918,2014-06-23,BMY
1919,2014-06-23,BRK_B
1920,2014-06-23,C
1921,2014-06-23,CAT
1922,2014-06-23,CL
1923,2014-06-23,CMCS_A
1924,2014-06-23,COF
1925,2014-06-23,COP
1926,2014-06-23,COST
1927,2014-06-23,CSCO
1928,2014-06-23,CVS
1929,2014-06-23,CVX
1930,2014-06-23,DD
1931,2014-06-23,DIS
1932,2014-06-23,DOW
1933,2014-06-23,DVN
1934,2014-06-23,EBAY
1935,2014-06-23,EMC
1936,2014-06-23,EMR
1937,2014-06-23,EXC
1938,2014-06-23,F
1939,2014-06-23,FB
1940,2014-06-23,FCX
1941,2014-06-23,FDX
1942,2014-06-23,FOXA
1943,2014-06-23,GD
1944,2014-06-23,GE
1945,2014-06-23,GILD
1946,2014-06-23,GM
1947,2014-06-23,GOOG
1948,2014-06-23,GS
1949,2014-06-23,HAL
1950,2014-06-23,HD
1951,2014-06-23,HON
1952,2014-06-23,HPQ
1953,2014-06-23,IBM
1954,2014-06-23,INTC
1955,2014-06-23,JNJ
1956,2014-06-23,JPM
1957,2014-06-23,KO
1958,2014-06-23,LLY
1959,2014-06-23,LMT
1960,2014-06-23,LOW
1961,2014-06-23,MA
1962,2014-06-23,MCD
1963,2014-06-23,MDLZ
1964,2014-06-23,MDT
1965,2014-06-23,MET
1966,2014-06-23,MMM
1967,2014-06-23,MO
1968,2014-06-23,MON
1969,2014-06-23,MRK
1970,2014-06-23,MS
1971,2014-06-23,MSFT
1972,2014-06-23,NKE
1973,2014-06-23,NOV
1974,2014-06-23,NSC
1975,2014-06-23,ORCL
1976,2014-06-23,OXY
1977,2014-06-23,PEP
1978,2014-06-23,PFE
1979,2014-06-23,PG
1980,2014-06-23,PM
1981,2014-06-23,QCOM
1982,2014-06-23,RTN
1983,2014-06-23,SBUX
1984,2014-06-23,SLB
1985,2014-06-23,SO
1986,2014-06-23,SPG
1987,2014-06-23,T
1988,2014-06-23,TGT
1989,2014-06-23,TWX
1990,2014-06-23,TXN
1991,2014-06-23,UNH
1992,2014-06-23,UNP
1993,2014-06-23,UPS
1994,2014-06-23,USB
1995,2014-06-23,UTX
1996,2014-06-23,V
1997,2014-06-23,VZ
1998,2014-06-23,WAG
1999,2014-06-23,WFC
2000,2014-06-23,WMT
2001,2014-06-23,XOM
